"CHROM","POS","ID","REF","ALT","QUAL","FILTER","SAMPLE","GROUP","DP","AF","GENE","CONSEQUENCE","CLIN_SIG","POP_AF"
"chr1",13074650,"rs978714","T","A",41.2,"PASS","PATIENT_5","Patient",22,0.359,"DNAH5","intron_variant","Benign",0.1532
"chr1",72617367,"rs507947","C","T",53.2,"PASS","PATIENT_3","Patient",27,0.563,"LDLR","missense_variant","Likely_benign",0.008
"chr1",114879669,"rs806196","G","T",40.5,"PASS","PATIENT_6","Patient",29,0.786,"OBSCN","synonymous_variant","Uncertain_significance",0.0379
"chr1",151070688,"rs612993","T","G",36.2,"PASS","PATIENT_4","Patient",23,0.774,"ADGRV1","synonymous_variant","Benign",0.1258
"chr1",152515410,"rs537306","A","T",24.8,"PASS","PATIENT_10","Patient",24,0.487,"PCSK9","missense_variant","Benign",0.1186
"chr1",220374235,"rs514948","T","G",53.2,"PASS","PATIENT_9","Patient",25,0.659,"HBA1","missense_variant","Likely_benign",0.1289
"chr1",225616933,"rs293555","T","G",56.6,"PASS","PATIENT_8","Patient",26,0.479,"MUC16","missense_variant","Benign",0.6494
"chr10",16007698,"rs484985","C","T",57.9,"PASS","PATIENT_7","Patient",30,0.79,"DNAH5","splice_region_variant","Likely_pathogenic",0.0141
"chr10",90143928,"rs319353","C","G",59.3,"PASS","PATIENT_4","Patient",27,0.309,"FLG","synonymous_variant","Likely_pathogenic",0.2599
"chr10",139595837,"rs977828","T","G",49.5,"PASS","PATIENT_1","Patient",28,0.531,"ABCA13","synonymous_variant","Likely_benign",0.0246
"chr10",169492044,"rs387525","A","C",43.8,"PASS","PATIENT_10","Patient",22,0.82,"PCSK9","missense_variant","Uncertain_significance",0.0851
"chr10",195192219,"rs753178","C","T",48.2,"PASS","PATIENT_1","Patient",25,0.712,"ADGRV1","synonymous_variant","Likely_pathogenic",0.0082
"chr10",203187361,"rs220345","C","T",25.6,"PASS","PATIENT_2","Patient",22,0.434,"MTHFR","splice_region_variant","Likely_pathogenic",0.0598
"chr10",213940942,"rs332228","C","G",45.2,"PASS","PATIENT_3","Patient",26,0.6,"G6PD","missense_variant","Uncertain_significance",0.0078
"chr10",216930456,"rs779208","G","T",32,"PASS","PATIENT_10","Patient",24,0.829,"TP53","synonymous_variant","Pathogenic",0.046
"chr10",246829108,"rs447879","G","A",23.5,"PASS","PATIENT_10","Patient",24,0.585,"FLG","synonymous_variant","Pathogenic",0.1113
"chr11",26807711,"rs412356","C","A",39.4,"PASS","PATIENT_8","Patient",23,0.327,"MYH9","missense_variant","Uncertain_significance",0.2508
"chr11",68839121,"rs436267","T","G",34.2,"PASS","PATIENT_1","Patient",34,0.44,"PCSK9","synonymous_variant","Uncertain_significance",0.0114
"chr11",146068596,"rs809397","A","C",22.3,"PASS","PATIENT_8","Patient",33,0.506,"APOE","missense_variant","Likely_pathogenic",0.0272
"chr11",148648067,"rs852446","G","C",34.1,"PASS","PATIENT_6","Patient",24,0.493,"CFTR","synonymous_variant","Likely_benign",0.1502
"chr11",194244268,"rs419899","C","T",51.3,"PASS","PATIENT_5","Patient",23,0.404,"GPR98","splice_region_variant","Pathogenic",0.1736
"chr11",223429495,"rs125139","G","A",49.1,"PASS","PATIENT_7","Patient",32,0.38,"MYH9","synonymous_variant","Likely_pathogenic",0.0666
"chr12",103462666,"rs998686","G","T",54.8,"PASS","PATIENT_6","Patient",34,0.722,"GAPDH","missense_variant","Benign",0.0016
"chr12",157961694,"rs828040","A","G",53.2,"PASS","PATIENT_3","Patient",28,0.836,"BRCA1","missense_variant","Likely_pathogenic",0.1901
"chr12",176328932,"rs430118","T","C",41.4,"PASS","PATIENT_9","Patient",15,0.743,"LDLR","missense_variant","Likely_benign",0.302
"chr12",235991231,"rs383271","C","A",49.9,"PASS","PATIENT_3","Patient",21,0.452,"G6PD","synonymous_variant","Uncertain_significance",5e-04
"chr12",242269238,"rs803519","T","A",35,"PASS","PATIENT_4","Patient",24,0.259,"TP53","splice_region_variant","Pathogenic",0.0029
"chr13",18888177,"rs873681","T","A",25.9,"PASS","PATIENT_2","Patient",33,0.41,"G6PD","missense_variant","Likely_benign",0.002
"chr13",20803658,"rs923969","C","A",50.6,"PASS","PATIENT_3","Patient",28,0.528,"SYNE1","synonymous_variant","Likely_benign",0.1258
"chr13",22106896,"rs547466","G","A",40.4,"PASS","PATIENT_2","Patient",29,0.611,"BRCA2","missense_variant","Uncertain_significance",0.0188
"chr13",104652783,"rs717307","C","T",34.1,"PASS","PATIENT_8","Patient",29,0.327,"BRCA1","missense_variant","Uncertain_significance",0.5076
"chr13",146877934,"rs290208","G","C",49.3,"PASS","PATIENT_1","Patient",28,0.568,"USH2A","synonymous_variant","Benign",0.0012
"chr13",152548514,"rs309456","C","A",31.1,"PASS","PATIENT_7","Patient",23,0.378,"G6PD","synonymous_variant","Uncertain_significance",0.0013
"chr13",247020615,"rs250098","A","G",39.7,"PASS","PATIENT_5","Patient",20,0.455,"MTHFR","splice_region_variant","Uncertain_significance",0.0952
"chr14",14286388,"rs251550","C","G",58.1,"PASS","PATIENT_8","Patient",36,0.486,"CFTR","synonymous_variant","Benign",0.3972
"chr14",38893283,"rs939773","T","G",57.4,"PASS","PATIENT_1","Patient",12,0.325,"HBB","synonymous_variant","Uncertain_significance",0.3913
"chr14",83960872,"rs206444","C","T",33.9,"PASS","PATIENT_7","Patient",34,0.745,"HBA1","missense_variant","Benign",0.0359
"chr14",133267671,"rs829528","G","A",46,"PASS","PATIENT_2","Patient",23,0.771,"PCSK9","missense_variant","Likely_benign",0.0232
"chr14",190344673,"rs890234","A","T",30.4,"PASS","PATIENT_6","Patient",33,0.36,"BRCA1","synonymous_variant","Benign",0
"chr14",204652225,"rs500959","C","G",48.1,"PASS","PATIENT_3","Patient",18,0.364,"G6PD","synonymous_variant","Uncertain_significance",5e-04
"chr14",205050843,"rs166075","A","T",24,"PASS","PATIENT_5","Patient",25,0.425,"BRCA1","missense_variant","Benign",0.121
"chr15",102733418,"rs816509","G","T",46.8,"PASS","PATIENT_9","Patient",20,0.389,"LAMA1","intron_variant","Likely_benign",0.012
"chr15",112012568,"rs611463","T","A",50.3,"PASS","PATIENT_2","Patient",27,0.315,"GPR98","missense_variant","Likely_benign",0.2965
"chr15",122615176,"rs511553","G","A",50.7,"PASS","PATIENT_5","Patient",34,0.581,"HBB","missense_variant","Uncertain_significance",0.1697
"chr15",166752981,"rs372064","A","C",29.8,"PASS","PATIENT_4","Patient",30,0.697,"AGRN","splice_region_variant","Likely_benign",0.0047
"chr15",215821008,"rs284792","A","G",46.9,"PASS","PATIENT_2","Patient",31,0.62,"HBA1","synonymous_variant","Uncertain_significance",0.1048
"chr16",8153097,"rs530250","G","C",21.5,"PASS","PATIENT_8","Patient",22,0.606,"HBB","missense_variant","Likely_benign",0.2334
"chr16",17268783,"rs542899","C","A",53.2,"PASS","PATIENT_10","Patient",26,0.474,"CFTR","synonymous_variant","Uncertain_significance",0.0502
"chr16",189126097,"rs642654","T","G",43.1,"PASS","PATIENT_6","Patient",13,0.256,"BRCA2","missense_variant","Likely_benign",0.1324
"chr17",10966246,"rs435496","G","A",48,"PASS","PATIENT_4","Patient",29,0.813,"CFTR","missense_variant","Uncertain_significance",0.0659
"chr17",31569804,"rs334114","C","T",25.6,"PASS","PATIENT_4","Patient",23,0.451,"LDLR","missense_variant","Pathogenic",0.0979
"chr17",75333832,"rs485997","T","C",20.3,"PASS","PATIENT_7","Patient",26,0.399,"CUBN","missense_variant","Benign",0.1334
"chr17",115635229,"rs983590","G","T",25.2,"PASS","PATIENT_7","Patient",31,0.45,"APOE","missense_variant","Uncertain_significance",0.0095
"chr17",208304016,"rs898952","A","C",45.5,"PASS","PATIENT_6","Patient",22,0.282,"HBA1","splice_region_variant","Pathogenic",0.01
"chr17",221967435,"rs846949","A","C",27.5,"PASS","PATIENT_4","Patient",21,0.438,"ADGRV1","missense_variant","Pathogenic",0.0782
"chr17",246939878,"rs721641","A","G",49,"PASS","PATIENT_1","Patient",34,0.504,"TP53","intron_variant","Benign",0.1163
"chr18",7643114,"rs688828","A","T",45,"PASS","PATIENT_2","Patient",28,0.605,"MTHFR","missense_variant","Likely_benign",0.0019
"chr18",86963112,"rs930553","A","C",33.9,"PASS","PATIENT_9","Patient",29,0.499,"MTHFR","missense_variant","Likely_benign",0.1702
"chr18",94812942,"rs719800","G","C",38.3,"PASS","PATIENT_2","Patient",23,0.824,"BRCA1","stop_gained","Likely_benign",0.1065
"chr18",112411956,"rs686690","T","G",49.2,"PASS","PATIENT_6","Patient",27,0.37,"LDLR","intron_variant","Likely_benign",0.1527
"chr18",134041745,"rs924234","A","G",41.6,"PASS","PATIENT_4","Patient",21,0.471,"MUC16","synonymous_variant","Benign",0.1417
"chr18",148476487,"rs424417","A","C",43,"PASS","PATIENT_6","Patient",20,0.364,"BRCA2","missense_variant","Likely_pathogenic",1e-04
"chr18",178424321,"rs538716","C","A",44.7,"PASS","PATIENT_1","Patient",28,0.327,"CFTR","synonymous_variant","Uncertain_significance",0.0033
"chr19",46285476,"rs557363","C","G",59.5,"PASS","PATIENT_4","Patient",19,0.349,"HBB","missense_variant","Likely_benign",0.0796
"chr19",65880878,"rs496324","T","G",35.7,"PASS","PATIENT_9","Patient",28,0.321,"MTHFR","synonymous_variant","Benign",0.0049
"chr19",173281528,"rs665356","C","A",59.7,"PASS","PATIENT_6","Patient",26,0.423,"LDLR","synonymous_variant","Likely_pathogenic",6e-04
"chr19",174030537,"rs712051","G","C",47.3,"PASS","PATIENT_5","Patient",24,0.525,"HBB","missense_variant","Likely_benign",0.1528
"chr2",66671678,"rs894610","G","A",21.4,"PASS","PATIENT_8","Patient",32,0.557,"TP53","synonymous_variant","Benign",0.1552
"chr2",76288587,"rs318033","T","A",38.5,"PASS","PATIENT_5","Patient",26,0.694,"HBB","missense_variant","Likely_benign",0.0524
"chr2",95196634,"rs790908","A","C",50.8,"PASS","PATIENT_6","Patient",26,0.359,"HBA1","synonymous_variant","Benign",0
"chr2",114072658,"rs608405","A","G",29.8,"PASS","PATIENT_6","Patient",30,0.589,"TP53","stop_gained","Uncertain_significance",0.1055
"chr2",115429600,"rs665625","G","A",48.2,"PASS","PATIENT_4","Patient",29,0.844,"BRCA1","missense_variant","Benign",0.0303
"chr20",3089571,"rs475171","T","A",34.8,"PASS","PATIENT_2","Patient",37,0.487,"GPR98","missense_variant","Benign",0.1898
"chr20",14921339,"rs473799","G","T",41.9,"PASS","PATIENT_2","Patient",24,0.575,"CFTR","missense_variant","Uncertain_significance",0.0055
"chr20",28312571,"rs677804","C","T",33.5,"PASS","PATIENT_4","Patient",26,0.701,"TP53","missense_variant","Benign",0.0402
"chr20",42660392,"rs194618","T","C",41,"PASS","PATIENT_10","Patient",33,0.434,"CFTR","synonymous_variant","Likely_pathogenic",0.1816
"chr20",67442316,"rs495405","G","C",27.7,"PASS","PATIENT_5","Patient",25,0.472,"XIRP2","missense_variant","Uncertain_significance",0.1269
"chr20",133008885,"rs943492","C","T",39.4,"PASS","PATIENT_8","Patient",25,0.712,"RYR2","missense_variant","Likely_benign",0.0792
"chr21",41625395,"rs685079","A","C",34.6,"PASS","PATIENT_6","Patient",18,0.292,"TTN","intron_variant","Likely_benign",0.3633
"chr21",54461521,"rs811053","G","C",30.8,"PASS","PATIENT_2","Patient",32,0.632,"GAPDH","intron_variant","Uncertain_significance",0.0193
"chr21",116648514,"rs360314","A","C",22.6,"PASS","PATIENT_1","Patient",20,0.83,"PCSK9","splice_region_variant","Benign",0.0306
"chr21",169305470,"rs640344","C","G",35.9,"PASS","PATIENT_5","Patient",27,0.53,"LDLR","intron_variant","Uncertain_significance",0.0164
"chr21",177766541,"rs163994","A","C",59.3,"PASS","PATIENT_1","Patient",38,0.688,"APOE","intron_variant","Likely_pathogenic",0.0123
"chr21",189320957,"rs289169","A","G",46.2,"PASS","PATIENT_7","Patient",18,0.482,"FLG","missense_variant","Likely_benign",0.0012
"chr21",189339912,"rs676292","A","G",49.2,"PASS","PATIENT_6","Patient",23,0.536,"APOE","synonymous_variant","Uncertain_significance",0.1733
"chr21",245650480,"rs417283","A","C",31.4,"PASS","PATIENT_3","Patient",22,0.791,"G6PD","intron_variant","Likely_pathogenic",9e-04
"chr22",30444276,"rs241362","C","G",30.8,"PASS","PATIENT_6","Patient",20,0.37,"CUBN","synonymous_variant","Likely_benign",0.0324
"chr22",46256998,"rs278508","G","C",34.5,"PASS","PATIENT_5","Patient",18,0.617,"G6PD","intron_variant","Benign",0.2188
"chr22",65363765,"rs949571","G","C",43.5,"PASS","PATIENT_2","Patient",21,0.515,"BRCA1","synonymous_variant","Uncertain_significance",7e-04
"chr22",98121170,"rs195595","G","A",24.5,"PASS","PATIENT_1","Patient",33,0.839,"PCSK9","missense_variant","Benign",0.0777
"chr22",116402498,"rs406444","G","C",47.7,"PASS","PATIENT_9","Patient",27,0.302,"HBB","missense_variant","Benign",0.1917
"chr22",200594141,"rs513149","G","A",29.7,"PASS","PATIENT_8","Patient",38,0.633,"APOE","splice_region_variant","Uncertain_significance",0.0217
"chr22",237456471,"rs486367","T","G",41.8,"PASS","PATIENT_8","Patient",33,0.286,"APOE","synonymous_variant","Likely_benign",0.1247
"chr22",239533459,"rs877690","C","T",58.3,"PASS","PATIENT_1","Patient",26,0.427,"MTHFR","missense_variant","Likely_pathogenic",0.185
"chr3",43608091,"rs814176","G","A",22,"PASS","PATIENT_5","Patient",29,0.663,"FLG","missense_variant","Likely_benign",0.0092
"chr3",49835378,"rs547918","G","A",21.9,"PASS","PATIENT_8","Patient",32,0.632,"BRCA2","synonymous_variant","Uncertain_significance",0.1598
"chr3",92713278,"rs476978","G","T",55.9,"PASS","PATIENT_8","Patient",29,0.619,"APOE","missense_variant","Likely_pathogenic",0.2804
"chr3",120165616,"rs958911","T","G",54.3,"PASS","PATIENT_1","Patient",26,0.504,"BRCA1","missense_variant","Benign",3e-04
"chr3",159781075,"rs459936","A","G",47,"PASS","PATIENT_3","Patient",24,0.618,"PCSK9","intron_variant","Uncertain_significance",0.4555
"chr4",21809796,"rs464123","A","T",35.3,"PASS","PATIENT_3","Patient",23,0.334,"DNAH5","synonymous_variant","Uncertain_significance",0.0705
"chr4",70239107,"rs516485","C","T",57.3,"PASS","PATIENT_9","Patient",32,0.555,"G6PD","intron_variant","Benign",0.0181
"chr4",111699056,"rs380747","G","T",55.4,"PASS","PATIENT_1","Patient",21,0.826,"G6PD","splice_region_variant","Uncertain_significance",0.1802
"chr4",162153745,"rs971288","G","T",57.7,"PASS","PATIENT_2","Patient",28,0.62,"OBSCN","stop_gained","Likely_pathogenic",0.2057
"chr4",166748123,"rs169346","C","T",36.2,"PASS","PATIENT_1","Patient",24,0.627,"OBSCN","synonymous_variant","Likely_benign",0.1007
"chr4",199989465,"rs145030","A","C",35.3,"PASS","PATIENT_8","Patient",27,0.637,"HBA1","synonymous_variant","Uncertain_significance",0.0663
"chr4",215878012,"rs276918","A","G",44.8,"PASS","PATIENT_2","Patient",21,0.566,"LDLR","missense_variant","Uncertain_significance",0.173
"chr5",3533356,"rs171449","C","A",37.6,"PASS","PATIENT_6","Patient",30,0.353,"LDLR","synonymous_variant","Benign",0.094
"chr5",19397257,"rs642761","C","T",30.5,"PASS","PATIENT_5","Patient",18,0.796,"NEB","intron_variant","Benign",0.0353
"chr5",50027504,"rs293040","T","A",51.9,"PASS","PATIENT_1","Patient",29,0.595,"OBSCN","missense_variant","Benign",0.0025
"chr5",72355981,"rs817737","C","A",57.6,"PASS","PATIENT_10","Patient",22,0.795,"ACTB","missense_variant","Uncertain_significance",0.0398
"chr5",79315893,"rs795521","T","A",43.1,"PASS","PATIENT_9","Patient",16,0.534,"TP53","synonymous_variant","Benign",0.1517
"chr5",83923284,"rs504802","G","A",27.1,"PASS","PATIENT_1","Patient",19,0.415,"G6PD","intron_variant","Likely_pathogenic",0.0057
"chr5",95507020,"rs345286","A","T",27,"PASS","PATIENT_4","Patient",32,0.742,"FLG","stop_gained","Pathogenic",0.083
"chr5",110113804,"rs688707","G","T",35.6,"PASS","PATIENT_2","Patient",27,0.566,"HBA1","splice_region_variant","Benign",0.0591
"chr5",153888794,"rs231458","T","A",43.6,"PASS","PATIENT_3","Patient",27,0.707,"NEB","synonymous_variant","Benign",0.0059
"chr5",199929129,"rs686804","T","C",57.4,"PASS","PATIENT_9","Patient",10,0.502,"G6PD","synonymous_variant","Likely_benign",0.1637
"chr6",72614679,"rs644988","A","G",24.7,"PASS","PATIENT_4","Patient",18,0.755,"LDLR","stop_gained","Uncertain_significance",0.027
"chr6",154594314,"rs661845","A","T",26.6,"PASS","PATIENT_2","Patient",24,0.507,"G6PD","missense_variant","Likely_pathogenic",0.0082
"chr6",212177721,"rs479456","T","C",55.8,"PASS","PATIENT_4","Patient",11,0.429,"PCSK9","synonymous_variant","Uncertain_significance",2e-04
"chr6",247158592,"rs670936","A","C",34.4,"PASS","PATIENT_8","Patient",24,0.528,"OBSCN","missense_variant","Uncertain_significance",0.0784
"chr6",247423423,"rs261281","T","A",38.2,"PASS","PATIENT_4","Patient",27,0.691,"OBSCN","synonymous_variant","Likely_benign",0.0452
"chr7",5517670,"rs101436","T","C",53.9,"PASS","PATIENT_8","Patient",25,0.527,"BRCA1","missense_variant","Uncertain_significance",0.0988
"chr7",81066503,"rs468600","G","C",43.2,"PASS","PATIENT_9","Patient",22,0.29,"APOE","stop_gained","Pathogenic",0.2876
"chr7",90788832,"rs821440","G","C",41.6,"PASS","PATIENT_7","Patient",31,0.345,"HBA1","missense_variant","Uncertain_significance",3e-04
"chr7",139448425,"rs653341","C","A",25.4,"PASS","PATIENT_5","Patient",22,0.461,"ACTB","synonymous_variant","Likely_pathogenic",0.3824
"chr7",192307805,"rs824885","T","C",56.1,"PASS","PATIENT_6","Patient",26,0.412,"PCSK9","missense_variant","Uncertain_significance",0.0565
"chr8",1232856,"rs401108","C","G",57.3,"PASS","PATIENT_10","Patient",17,0.415,"HBA1","missense_variant","Uncertain_significance",0.0651
"chr8",90311827,"rs831859","A","T",26.6,"PASS","PATIENT_9","Patient",23,0.464,"TP53","synonymous_variant","Likely_pathogenic",0.1794
"chr8",166557499,"rs211808","T","C",40.4,"PASS","PATIENT_4","Patient",33,0.392,"MUC16","missense_variant","Likely_benign",0.1456
"chr8",178447385,"rs545988","C","G",47.5,"PASS","PATIENT_6","Patient",31,0.507,"HBA1","synonymous_variant","Likely_benign",0.1157
"chr8",179986529,"rs538190","C","T",55.4,"PASS","PATIENT_8","Patient",27,0.606,"HBA1","missense_variant","Likely_benign",0.0275
"chr9",2191998,"rs685837","G","T",42.5,"PASS","PATIENT_7","Patient",24,0.321,"HMCN1","missense_variant","Uncertain_significance",0.1513
"chr9",4966169,"rs580939","G","T",53.5,"PASS","PATIENT_10","Patient",30,0.646,"G6PD","synonymous_variant","Likely_pathogenic",0.0903
"chr9",53721685,"rs719419","G","T",21.5,"PASS","PATIENT_2","Patient",33,0.688,"TTN","intron_variant","Likely_benign",1e-04
"chr9",61851933,"rs532862","C","A",38.8,"PASS","PATIENT_1","Patient",22,0.545,"HBB","missense_variant","Likely_benign",0.0077
"chr9",85683040,"rs925285","A","C",49.2,"PASS","PATIENT_10","Patient",18,0.279,"G6PD","missense_variant","Uncertain_significance",0.04
"chr1",13355516,"rs855602","A","G",55.2,"PASS","CONTROL_3","Control",33,0.599,"RYR2","synonymous_variant","Pathogenic",0.0955
"chr1",32807682,"rs146418","T","A",20.1,"PASS","CONTROL_3","Control",35,0.43,"LDLR","missense_variant","Benign",0.0082
"chr1",166022635,"rs980322","T","C",29.3,"PASS","CONTROL_6","Control",26,0.277,"TP53","intron_variant","Likely_pathogenic",0.1476
"chr1",176287616,"rs835840","C","G",50.3,"PASS","CONTROL_8","Control",17,0.622,"USH2A","missense_variant","Uncertain_significance",0.1895
"chr1",208288615,"rs374575","G","T",48.9,"PASS","CONTROL_2","Control",34,0.439,"CFTR","missense_variant","Likely_benign",0.0029
"chr10",26627947,"rs112452","A","T",37.5,"PASS","CONTROL_9","Control",30,0.786,"FLG","missense_variant","Likely_benign",4e-04
"chr10",66881690,"rs196569","A","G",54.9,"PASS","CONTROL_2","Control",29,0.742,"XIRP2","missense_variant","Uncertain_significance",0.0151
"chr10",82196333,"rs552811","G","A",35.1,"PASS","CONTROL_8","Control",27,0.685,"HMCN1","stop_gained","Likely_pathogenic",0.1319
"chr10",84330852,"rs245216","G","T",52.3,"PASS","CONTROL_7","Control",40,0.54,"BRCA2","missense_variant","Likely_benign",0.0475
"chr10",87258031,"rs745080","C","A",20.9,"PASS","CONTROL_7","Control",31,0.352,"ABCA13","intron_variant","Uncertain_significance",0.0179
"chr10",91883006,"rs797900","T","A",41.2,"PASS","CONTROL_7","Control",36,0.473,"MUC16","splice_region_variant","Uncertain_significance",0.0221
"chr10",211310073,"rs458573","G","A",24.9,"PASS","CONTROL_1","Control",20,0.789,"TTN","missense_variant","Pathogenic",5e-04
"chr10",216101871,"rs250888","T","G",21.1,"PASS","CONTROL_7","Control",34,0.698,"ABCA13","synonymous_variant","Likely_benign",0.0312
"chr10",232601281,"rs493159","A","G",23.8,"PASS","CONTROL_10","Control",33,0.288,"LAMA1","missense_variant","Likely_pathogenic",0.265
"chr10",233916934,"rs843353","A","C",32.7,"PASS","CONTROL_6","Control",35,0.633,"HMCN1","synonymous_variant","Uncertain_significance",0.0033
"chr10",236645969,"rs357948","C","G",35.8,"PASS","CONTROL_10","Control",29,0.58,"GPR98","missense_variant","Likely_pathogenic",0.2061
"chr11",37472978,"rs933908","G","C",49.6,"PASS","CONTROL_1","Control",28,0.337,"TP53","intron_variant","Likely_pathogenic",0.051
"chr11",81905324,"rs427143","T","C",21.7,"PASS","CONTROL_10","Control",31,0.661,"OBSCN","synonymous_variant","Benign",0.0127
"chr11",87380219,"rs617488","C","A",56.8,"PASS","CONTROL_6","Control",27,0.332,"GPR98","missense_variant","Benign",0.0369
"chr11",96264622,"rs323264","C","T",46.6,"PASS","CONTROL_7","Control",27,0.787,"LAMA1","synonymous_variant","Benign",0.2921
"chr11",134277436,"rs717407","C","A",55.8,"PASS","CONTROL_5","Control",30,0.824,"GPR98","stop_gained","Uncertain_significance",0.0197
"chr11",141527287,"rs429501","T","C",40.9,"PASS","CONTROL_2","Control",31,0.592,"NEB","missense_variant","Likely_pathogenic",0.0091
"chr11",194164248,"rs838806","T","A",25.9,"PASS","CONTROL_8","Control",36,0.831,"TTN","missense_variant","Uncertain_significance",0.0625
"chr11",199074438,"rs835671","T","A",41.5,"PASS","CONTROL_10","Control",31,0.274,"DNAH5","missense_variant","Pathogenic",0.1034
"chr11",204054750,"rs184238","T","C",38.7,"PASS","CONTROL_2","Control",28,0.509,"SYNE1","synonymous_variant","Likely_pathogenic",0.0608
"chr12",28157143,"rs503093","T","C",33,"PASS","CONTROL_4","Control",38,0.762,"CUBN","missense_variant","Uncertain_significance",0.0166
"chr12",121809598,"rs154806","C","A",27.9,"PASS","CONTROL_10","Control",34,0.582,"USH2A","splice_region_variant","Uncertain_significance",0.5874
"chr12",143426807,"rs931173","C","G",45.9,"PASS","CONTROL_6","Control",27,0.428,"LAMA1","intron_variant","Pathogenic",0.0059
"chr12",146952290,"rs284345","T","A",20.4,"PASS","CONTROL_1","Control",29,0.792,"NEB","intron_variant","Uncertain_significance",0.071
"chr12",207539615,"rs274087","A","G",52.5,"PASS","CONTROL_2","Control",39,0.404,"HBB","missense_variant","Uncertain_significance",0.067
"chr13",84376751,"rs308649","G","C",43.6,"PASS","CONTROL_4","Control",26,0.457,"TP53","missense_variant","Uncertain_significance",0.0018
"chr13",85482649,"rs391629","T","A",48.7,"PASS","CONTROL_8","Control",20,0.651,"GAPDH","missense_variant","Uncertain_significance",0.0928
"chr13",97919271,"rs371678","A","C",48.8,"PASS","CONTROL_9","Control",25,0.517,"G6PD","missense_variant","Likely_pathogenic",0.3073
"chr13",113957742,"rs397342","A","T",44.4,"PASS","CONTROL_3","Control",34,0.373,"FLG","synonymous_variant","Uncertain_significance",0.0234
"chr13",127908524,"rs389131","G","T",47.1,"PASS","CONTROL_7","Control",30,0.365,"ACTB","missense_variant","Likely_benign",0.399
"chr13",143842014,"rs363653","G","A",52.1,"PASS","CONTROL_6","Control",28,0.398,"GAPDH","intron_variant","Uncertain_significance",0.0523
"chr13",196036507,"rs516994","G","C",43.3,"PASS","CONTROL_7","Control",33,0.266,"MTHFR","synonymous_variant","Uncertain_significance",0.2075
"chr14",227930074,"rs158478","G","A",38.6,"PASS","CONTROL_7","Control",31,0.79,"MYH9","missense_variant","Likely_benign",0.0566
"chr14",236320522,"rs543427","C","T",54.1,"PASS","CONTROL_7","Control",24,0.791,"NEB","missense_variant","Uncertain_significance",0.0033
"chr15",14163455,"rs395220","A","G",56.2,"PASS","CONTROL_4","Control",27,0.294,"ABCA13","missense_variant","Likely_pathogenic",0.1032
"chr15",16819585,"rs349110","T","A",26.8,"PASS","CONTROL_2","Control",33,0.453,"USH2A","splice_region_variant","Benign",0.0152
"chr15",71625331,"rs743483","T","G",47.4,"PASS","CONTROL_9","Control",33,0.73,"ABCA13","stop_gained","Uncertain_significance",0.0609
"chr15",109545329,"rs412956","G","T",30.5,"PASS","CONTROL_7","Control",24,0.414,"RYR2","synonymous_variant","Likely_pathogenic",0.0055
"chr15",175677238,"rs882977","C","T",52.5,"PASS","CONTROL_9","Control",21,0.717,"GAPDH","missense_variant","Likely_pathogenic",0.4893
"chr15",204721101,"rs158425","C","G",20.9,"PASS","CONTROL_10","Control",26,0.468,"TTN","missense_variant","Uncertain_significance",0
"chr15",208228700,"rs558454","C","G",31.7,"PASS","CONTROL_8","Control",19,0.358,"DNAH5","intron_variant","Likely_pathogenic",0.0121
"chr16",24075071,"rs704826","A","G",38.5,"PASS","CONTROL_6","Control",34,0.539,"MYH9","intron_variant","Benign",0.0512
"chr16",59741436,"rs599437","C","A",40,"PASS","CONTROL_7","Control",29,0.558,"LAMA1","missense_variant","Likely_benign",0.1801
"chr16",70752160,"rs276331","T","A",49,"PASS","CONTROL_8","Control",25,0.329,"GPR98","synonymous_variant","Likely_benign",0.0197
"chr16",106345490,"rs454796","G","A",45.1,"PASS","CONTROL_1","Control",31,0.677,"DNAH5","synonymous_variant","Uncertain_significance",0.0224
"chr16",116275667,"rs399300","T","A",48,"PASS","CONTROL_7","Control",22,0.681,"MYH9","intron_variant","Likely_benign",0.0091
"chr16",170869905,"rs939166","G","T",51.4,"PASS","CONTROL_9","Control",44,0.311,"CUBN","missense_variant","Uncertain_significance",0.0269
"chr16",226836913,"rs929811","C","A",24.9,"PASS","CONTROL_6","Control",43,0.293,"ABCA13","splice_region_variant","Uncertain_significance",0.1163
"chr17",43489947,"rs995179","C","T",50,"PASS","CONTROL_6","Control",32,0.781,"BRCA2","synonymous_variant","Uncertain_significance",0.1197
"chr17",84459774,"rs938422","A","T",26.7,"PASS","CONTROL_1","Control",44,0.502,"LAMA1","splice_region_variant","Uncertain_significance",1e-04
"chr17",101654998,"rs268691","A","T",31.3,"PASS","CONTROL_4","Control",43,0.77,"DNAH5","synonymous_variant","Likely_pathogenic",0.006
"chr17",145509298,"rs143695","C","A",23.9,"PASS","CONTROL_1","Control",28,0.546,"G6PD","splice_region_variant","Uncertain_significance",0.1078
"chr17",208081431,"rs487745","T","G",29.2,"PASS","CONTROL_5","Control",31,0.631,"NEB","missense_variant","Pathogenic",5e-04
"chr17",246295193,"rs334947","G","T",30.7,"PASS","CONTROL_5","Control",28,0.297,"GPR98","missense_variant","Pathogenic",0.0229
"chr18",3353677,"rs170918","G","C",47.5,"PASS","CONTROL_8","Control",27,0.477,"ACTB","synonymous_variant","Uncertain_significance",0.1208
"chr18",52205594,"rs290461","A","T",47.1,"PASS","CONTROL_4","Control",38,0.84,"NEB","missense_variant","Uncertain_significance",0.0318
"chr18",62758936,"rs632200","G","C",57.2,"PASS","CONTROL_1","Control",33,0.527,"GPR98","synonymous_variant","Pathogenic",0.0185
"chr18",136364849,"rs386673","G","A",27.7,"PASS","CONTROL_2","Control",25,0.516,"CUBN","splice_region_variant","Likely_benign",0.0216
"chr18",158309941,"rs251423","T","A",46.6,"PASS","CONTROL_8","Control",27,0.369,"LAMA1","splice_region_variant","Uncertain_significance",0.6841
"chr18",183544526,"rs146830","G","A",37,"PASS","CONTROL_10","Control",29,0.723,"LAMA1","missense_variant","Likely_benign",0.021
"chr18",219849442,"rs491469","C","A",47.5,"PASS","CONTROL_7","Control",24,0.421,"MUC16","missense_variant","Uncertain_significance",0.1279
"chr19",28751899,"rs123065","C","T",31.7,"PASS","CONTROL_9","Control",24,0.398,"NEB","missense_variant","Likely_benign",0.0896
"chr19",76683696,"rs260058","C","G",54.3,"PASS","CONTROL_1","Control",32,0.747,"CUBN","stop_gained","Likely_benign",0.0311
"chr19",101865947,"rs980794","T","C",33.6,"PASS","CONTROL_3","Control",22,0.457,"HMCN1","synonymous_variant","Likely_pathogenic",0.0539
"chr19",115936474,"rs501058","C","G",55.1,"PASS","CONTROL_1","Control",20,0.609,"RYR2","splice_region_variant","Uncertain_significance",0.0456
"chr2",15491810,"rs839023","C","A",29.3,"PASS","CONTROL_9","Control",23,0.567,"AGRN","splice_region_variant","Benign",0.0336
"chr2",121752801,"rs912286","C","G",52.6,"PASS","CONTROL_6","Control",28,0.697,"DNAH5","missense_variant","Likely_benign",0.0012
"chr2",154377081,"rs497643","C","T",27.6,"PASS","CONTROL_8","Control",23,0.724,"TP53","splice_region_variant","Benign",0.1394
"chr2",155965192,"rs974241","A","T",47.3,"PASS","CONTROL_9","Control",37,0.382,"MYH9","missense_variant","Benign",0.0557
"chr2",180907492,"rs945711","G","C",54.8,"PASS","CONTROL_7","Control",20,0.72,"CFTR","missense_variant","Pathogenic",0.1608
"chr2",209618656,"rs742468","T","C",24,"PASS","CONTROL_5","Control",38,0.359,"ABCA13","splice_region_variant","Benign",0.018
"chr2",213259892,"rs964390","C","T",47.2,"PASS","CONTROL_1","Control",27,0.591,"USH2A","synonymous_variant","Pathogenic",8e-04
"chr20",8740952,"rs952382","A","C",23.5,"PASS","CONTROL_2","Control",29,0.588,"RYR2","synonymous_variant","Benign",0.2827
"chr20",59961110,"rs890394","C","T",40.7,"PASS","CONTROL_5","Control",19,0.651,"GAPDH","missense_variant","Benign",0.1648
"chr20",89597544,"rs623165","G","T",36.7,"PASS","CONTROL_3","Control",32,0.719,"ADGRV1","missense_variant","Uncertain_significance",0.1731
"chr20",100210031,"rs782007","G","A",55.7,"PASS","CONTROL_5","Control",31,0.705,"AGRN","stop_gained","Uncertain_significance",0.3286
"chr20",118902318,"rs906283","C","T",53.9,"PASS","CONTROL_6","Control",31,0.447,"CFTR","missense_variant","Uncertain_significance",0.2113
"chr20",215908365,"rs778017","A","G",58.9,"PASS","CONTROL_4","Control",23,0.789,"MTHFR","missense_variant","Pathogenic",0.1259
"chr21",37665422,"rs849569","A","T",35.6,"PASS","CONTROL_5","Control",47,0.714,"SYNE1","splice_region_variant","Likely_benign",0.0148
"chr21",168468370,"rs698554","C","A",21.4,"PASS","CONTROL_2","Control",18,0.774,"ACTB","stop_gained","Likely_pathogenic",0.3989
"chr21",182352542,"rs857244","G","A",37.5,"PASS","CONTROL_9","Control",34,0.599,"CFTR","synonymous_variant","Benign",0.0184
"chr22",32451675,"rs876134","G","T",28.7,"PASS","CONTROL_10","Control",36,0.461,"XIRP2","missense_variant","Benign",0.0298
"chr22",38399658,"rs665350","T","G",38.5,"PASS","CONTROL_4","Control",45,0.442,"NEB","intron_variant","Uncertain_significance",3e-04
"chr22",50751025,"rs402511","T","A",45,"PASS","CONTROL_1","Control",35,0.811,"ACTB","splice_region_variant","Uncertain_significance",0.1483
"chr22",128791278,"rs110622","G","A",41.5,"PASS","CONTROL_7","Control",28,0.337,"TP53","missense_variant","Uncertain_significance",0.0386
"chr22",146677831,"rs895558","A","G",55,"PASS","CONTROL_6","Control",34,0.623,"OBSCN","missense_variant","Benign",0.299
"chr3",7931631,"rs688868","A","G",52.1,"PASS","CONTROL_3","Control",35,0.781,"HMCN1","intron_variant","Likely_pathogenic",0.003
"chr3",9522393,"rs282070","G","T",25.1,"PASS","CONTROL_4","Control",23,0.572,"FLG","synonymous_variant","Pathogenic",0.0362
"chr3",96927657,"rs823420","G","A",35,"PASS","CONTROL_1","Control",26,0.431,"RYR2","missense_variant","Benign",0.6775
"chr3",166943551,"rs537714","T","A",21.3,"PASS","CONTROL_2","Control",33,0.396,"SYNE1","splice_region_variant","Likely_benign",0.0313
"chr4",2019591,"rs568364","A","T",50.4,"PASS","CONTROL_1","Control",28,0.821,"CFTR","missense_variant","Likely_pathogenic",0.0054
"chr4",18151696,"rs611030","A","G",27.6,"PASS","CONTROL_5","Control",29,0.787,"MTHFR","intron_variant","Uncertain_significance",0.3015
"chr4",93852348,"rs500929","T","A",42.3,"PASS","CONTROL_4","Control",32,0.457,"TP53","missense_variant","Pathogenic",0.2177
"chr4",208985597,"rs843161","C","A",58.7,"PASS","CONTROL_1","Control",41,0.838,"USH2A","missense_variant","Likely_pathogenic",0.0419
"chr4",229664807,"rs327335","C","T",58.8,"PASS","CONTROL_5","Control",31,0.595,"APOE","synonymous_variant","Uncertain_significance",0.0652
"chr4",237786835,"rs882178","A","C",37.9,"PASS","CONTROL_8","Control",21,0.631,"ADGRV1","missense_variant","Likely_pathogenic",0.0176
"chr5",4759860,"rs869027","G","C",20,"PASS","CONTROL_5","Control",21,0.511,"LDLR","missense_variant","Likely_benign",0.0586
"chr5",189409461,"rs766441","A","T",45.7,"PASS","CONTROL_8","Control",35,0.352,"GPR98","missense_variant","Likely_benign",0.027
"chr5",191908787,"rs253058","T","G",37.7,"PASS","CONTROL_7","Control",31,0.545,"ABCA13","intron_variant","Likely_benign",0.0047
"chr6",2321962,"rs629782","T","A",26.3,"PASS","CONTROL_4","Control",30,0.793,"NEB","synonymous_variant","Uncertain_significance",0.2624
"chr6",24119243,"rs686371","A","G",36.6,"PASS","CONTROL_5","Control",22,0.277,"RYR2","missense_variant","Uncertain_significance",0.0137
"chr6",66017469,"rs829161","A","G",58.8,"PASS","CONTROL_4","Control",24,0.591,"MTHFR","synonymous_variant","Likely_pathogenic",0.0606
"chr6",81123426,"rs707952","A","G",31.3,"PASS","CONTROL_5","Control",32,0.681,"PCSK9","synonymous_variant","Uncertain_significance",0.0346
"chr6",81344024,"rs139074","G","C",59.9,"PASS","CONTROL_4","Control",44,0.745,"GAPDH","missense_variant","Likely_benign",0.0045
"chr6",90679882,"rs195255","T","G",20.1,"PASS","CONTROL_1","Control",33,0.604,"CUBN","synonymous_variant","Likely_benign",0.0012
"chr6",111530156,"rs102701","A","C",41.4,"PASS","CONTROL_4","Control",42,0.29,"ACTB","synonymous_variant","Likely_pathogenic",0.0027
"chr6",118329729,"rs174370","G","C",27.2,"PASS","CONTROL_8","Control",29,0.412,"PCSK9","missense_variant","Benign",0.0088
"chr6",164584983,"rs599973","G","A",36.7,"PASS","CONTROL_5","Control",35,0.711,"FLG","missense_variant","Likely_pathogenic",0.2512
"chr6",173603983,"rs225235","C","A",59.8,"PASS","CONTROL_4","Control",22,0.577,"XIRP2","missense_variant","Likely_benign",0.0093
"chr6",209227462,"rs605502","C","G",48.3,"PASS","CONTROL_7","Control",22,0.269,"DNAH5","missense_variant","Likely_benign",0.0134
"chr6",213208292,"rs192479","A","C",37.7,"PASS","CONTROL_8","Control",17,0.35,"FLG","missense_variant","Likely_pathogenic",0.0326
"chr7",5772640,"rs488825","C","G",58.6,"PASS","CONTROL_5","Control",19,0.786,"MYH9","stop_gained","Benign",0.0029
"chr7",67310742,"rs163627","C","A",51.4,"PASS","CONTROL_7","Control",23,0.612,"ACTB","missense_variant","Uncertain_significance",0.1638
"chr7",137316381,"rs240433","G","T",22.7,"PASS","CONTROL_8","Control",32,0.779,"ACTB","synonymous_variant","Likely_benign",0.0024
"chr7",184190830,"rs664019","C","G",53.8,"PASS","CONTROL_7","Control",20,0.305,"FLG","missense_variant","Uncertain_significance",0.0815
"chr8",105769961,"rs459565","C","G",57.9,"PASS","CONTROL_6","Control",28,0.305,"LAMA1","intron_variant","Likely_pathogenic",0.2578
"chr9",1894012,"rs858394","A","T",49.3,"PASS","CONTROL_3","Control",29,0.562,"ABCA13","synonymous_variant","Likely_benign",0.1061
"chr9",23622896,"rs596175","C","T",23.9,"PASS","CONTROL_2","Control",22,0.636,"FLG","stop_gained","Uncertain_significance",0.1545
"chr9",26688585,"rs128813","T","C",24.2,"PASS","CONTROL_3","Control",28,0.452,"DNAH5","missense_variant","Likely_benign",0.004
"chr9",112286596,"rs422463","G","C",22.2,"PASS","CONTROL_1","Control",30,0.621,"CUBN","missense_variant","Benign",0.0129
"chr9",131384591,"rs137682","G","A",46.5,"PASS","CONTROL_3","Control",32,0.808,"MYH9","intron_variant","Likely_pathogenic",0.0067
"chr9",235946085,"rs818204","A","G",45.2,"PASS","CONTROL_5","Control",40,0.349,"USH2A","synonymous_variant","Likely_benign",0.0061
